study_id,composition,leadership,review
1,none,no,
2,,,no_doi
3,none,no,
4,none,no,
5,mixed,no,
6,,,no_doi
7,,,no_doi
8,,,no_doi
9,,,no_doi
10,all_african,yes,
11,none,no,
12,none,no,
13,all_african,yes,
14,all_african,yes,
15,none,no,
16,none,no,
17,all_african,yes,
18,all_african,yes,
19,none,no,
20,none,no,
21,mixed,yes,
22,none,no,
23,mixed,yes,
24,none,no,
25,none,no,some_authors_unaffiliated
26,mixed,yes,
27,all_african,yes,
28,mixed,no,
29,none,no,
30,all_african,yes,
31,,,no_doi
32,none,no,
33,mixed,yes,some_authors_unaffiliated
34,none,no,
35,none,no,
36,mixed,no,
37,mixed,no,some_authors_unaffiliated
38,all_african,no,some_authors_unaffiliated
39,all_african,yes,
40,,,no_doi
41,mixed,yes,
42,mixed,no,some_authors_unaffiliated
43,none,no,
44,,,not_in_openalex
45,none,no,
46,none,no,
47,mixed,no,
48,all_african,yes,
49,all_african,yes,some_authors_unaffiliated
50,mixed,yes,
51,none,no,
52,none,no,some_authors_unaffiliated
53,none,no,
54,all_african,yes,
55,none,no,
56,mixed,yes,
57,mixed,no,
58,none,no,
59,none,no,
60,mixed,no,some_authors_unaffiliated
61,none,no,
62,,,no_affiliations
63,,,no_doi
64,,,no_affiliations
65,all_african,yes,
66,,,no_doi
67,all_african,yes,
68,,,no_doi
69,,,no_doi
70,,,no_affiliations
71,mixed,yes,
72,all_african,yes,
73,none,no,
74,,,no_doi
75,,,no_doi
76,,,no_affiliations
77,,,no_doi
78,mixed,yes,
79,all_african,yes,
80,all_african,yes,
81,all_african,yes,
82,none,no,
83,all_african,yes,
84,mixed,yes,
85,,,no_affiliations
86,none,no,
87,all_african,yes,
88,mixed,no,
89,none,no,
90,none,no,
91,all_african,yes,
92,all_african,yes,
93,mixed,yes,
94,none,no,
95,all_african,yes,
96,all_african,yes,
97,all_african,yes,
98,mixed,yes,
99,none,no,
100,none,no,some_authors_unaffiliated
101,all_african,yes,
102,none,no,
103,all_african,yes,
104,mixed,no,
105,all_african,yes,
106,all_african,yes,
107,none,no,
108,,,no_doi
109,all_african,yes,
110,mixed,yes,
111,all_african,yes,
112,,,no_affiliations
113,none,no,
114,mixed,yes,
115,mixed,yes,
116,none,no,
117,all_african,yes,
118,mixed,no,
119,mixed,yes,
120,all_african,yes,
121,,,no_affiliations
122,mixed,yes,
123,all_african,yes,
124,,,no_doi
125,all_african,yes,
126,all_african,yes,
127,mixed,yes,some_authors_unaffiliated
128,all_african,yes,some_authors_unaffiliated
129,all_african,yes,
130,all_african,yes,some_authors_unaffiliated
131,none,no,
132,all_african,yes,
133,none,no,
134,none,no,some_authors_unaffiliated
135,mixed,yes,
136,,,no_doi
137,all_african,yes,some_authors_unaffiliated
138,none,no,some_authors_unaffiliated
139,none,no,
140,all_african,yes,
141,all_african,yes,
142,none,no,
143,mixed,no,
144,all_african,yes,
145,all_african,yes,
146,mixed,yes,
147,none,no,
148,mixed,yes,
149,all_african,yes,some_authors_unaffiliated
150,all_african,yes,
151,,,no_affiliations
152,all_african,yes,
153,all_african,yes,
154,mixed,yes,
155,none,no,
156,all_african,yes,
157,all_african,yes,
158,none,no,
159,all_african,yes,
160,all_african,yes,
161,all_african,yes,
162,all_african,yes,
163,none,no,
164,none,no,
165,none,no,some_authors_unaffiliated
166,mixed,yes,
167,all_african,yes,some_authors_unaffiliated
168,all_african,yes,
169,all_african,yes,
170,mixed,yes,
171,all_african,yes,
172,,,no_affiliations
173,none,no,
174,,,no_affiliations
175,,,no_doi
176,,,no_affiliations
177,none,no,some_authors_unaffiliated
178,all_african,yes,
179,all_african,yes,
180,none,no,
181,mixed,yes,
182,,,no_doi
183,,,no_doi
184,,,no_affiliations
185,mixed,yes,
186,all_african,yes,
187,none,no,
188,all_african,yes,some_authors_unaffiliated
189,all_african,yes,
190,all_african,yes,
191,none,no,
192,mixed,yes,
193,none,no,
194,,,no_doi
195,mixed,yes,
196,mixed,yes,
197,mixed,no,some_authors_unaffiliated
198,all_african,yes,
199,mixed,yes,
200,mixed,yes,
201,mixed,yes,
202,mixed,yes,
203,all_african,yes,
204,mixed,yes,
205,none,no,some_authors_unaffiliated
206,all_african,yes,
207,mixed,yes,
208,mixed,no,some_authors_unaffiliated
209,mixed,no,
210,mixed,yes,
211,all_african,yes,
212,mixed,yes,
213,none,no,
214,,,no_affiliations
215,mixed,yes,
216,mixed,no,
217,none,no,
218,none,no,
219,mixed,yes,
220,all_african,yes,
221,mixed,yes,
222,all_african,yes,
223,,,not_in_openalex
224,none,no,some_authors_unaffiliated
225,,,no_doi
226,mixed,yes,
227,none,no,
228,all_african,yes,
229,none,no,
230,all_african,yes,
231,,,no_doi
232,,,no_doi
233,,,no_doi
234,all_african,yes,
235,mixed,no,
236,mixed,yes,
237,mixed,no,
238,mixed,no,
239,none,no,
240,mixed,no,
241,mixed,no,
242,all_african,yes,
243,all_african,yes,
244,none,no,
245,,,no_doi
246,all_african,yes,some_authors_unaffiliated
247,all_african,yes,
248,all_african,yes,
249,none,no,some_authors_unaffiliated
250,all_african,yes,
251,,,not_in_openalex
252,none,no,
253,none,no,
254,all_african,no,some_authors_unaffiliated
255,none,no,
256,none,no,
257,all_african,yes,
258,none,no,
259,all_african,yes,
260,none,no,
261,,,no_doi
262,mixed,yes,
263,all_african,yes,some_authors_unaffiliated
264,none,no,some_authors_unaffiliated
265,all_african,yes,
266,mixed,yes,
267,all_african,yes,
268,,,not_in_openalex
269,all_african,yes,
270,none,no,
271,mixed,yes,
272,all_african,yes,
273,none,no,
274,,,no_doi
275,none,no,
276,mixed,yes,
277,mixed,yes,
278,none,no,
279,all_african,yes,
280,mixed,yes,
281,none,no,
282,all_african,yes,
283,all_african,yes,
284,all_african,yes,
285,none,no,some_authors_unaffiliated
286,mixed,yes,some_authors_unaffiliated
287,,,no_doi
288,,,no_doi
289,none,no,
290,all_african,yes,
291,all_african,yes,
292,all_african,yes,
293,all_african,yes,
294,all_african,yes,
295,all_african,yes,
296,,,no_affiliations
297,none,no,
298,all_african,yes,
299,mixed,yes,
300,all_african,yes,
301,,,no_doi
302,,,no_doi
303,all_african,yes,
304,all_african,yes,
305,all_african,yes,
306,all_african,yes,
307,mixed,yes,some_authors_unaffiliated
308,none,no,some_authors_unaffiliated
309,,,no_affiliations
310,all_african,yes,
311,,,no_doi
312,all_african,yes,
313,,,no_doi
314,none,no,
315,mixed,no,
316,mixed,yes,
317,none,no,some_authors_unaffiliated
318,mixed,yes,
319,all_african,yes,some_authors_unaffiliated
320,all_african,yes,
321,,,no_affiliations
322,all_african,yes,some_authors_unaffiliated
323,mixed,no,
324,all_african,yes,
325,,,no_affiliations
326,all_african,yes,
327,all_african,yes,some_authors_unaffiliated
328,,,not_in_openalex
329,all_african,yes,
330,all_african,yes,
331,,,no_doi
332,all_african,yes,some_authors_unaffiliated
333,,,no_doi
334,,,no_doi
335,,,no_doi
336,all_african,yes,
337,,,no_doi
338,mixed,yes,
339,mixed,yes,
340,mixed,no,
341,mixed,yes,
342,all_african,yes,
343,all_african,yes,
344,all_african,yes,
345,mixed,yes,
346,none,no,
347,all_african,yes,
348,none,no,some_authors_unaffiliated
349,all_african,yes,
350,all_african,yes,
351,mixed,yes,
352,none,no,
353,all_african,yes,
354,all_african,yes,
355,mixed,yes,
356,,,no_doi
357,all_african,yes,
358,mixed,yes,
359,mixed,yes,some_authors_unaffiliated
360,all_african,yes,
361,all_african,yes,
362,,,no_doi
363,mixed,yes,
364,mixed,yes,
365,,,no_doi
366,all_african,yes,
367,all_african,yes,
368,mixed,no,
369,none,no,
370,none,no,some_authors_unaffiliated
371,,,no_doi
372,all_african,yes,
373,mixed,yes,some_authors_unaffiliated
374,all_african,yes,
375,all_african,yes,some_authors_unaffiliated
376,mixed,no,some_authors_unaffiliated
377,all_african,yes,
378,none,no,
379,all_african,yes,
380,none,no,
381,mixed,no,
382,all_african,yes,
383,none,no,
384,all_african,yes,
385,all_african,yes,
386,all_african,yes,
387,mixed,yes,
388,none,no,
389,all_african,yes,
390,all_african,yes,
391,none,no,
392,all_african,yes,
393,none,no,
394,mixed,no,
395,all_african,yes,
396,all_african,yes,
397,mixed,yes,
398,all_african,yes,
399,all_african,yes,
400,all_african,yes,
401,all_african,yes,
402,mixed,yes,
403,,,no_doi
404,all_african,yes,
405,mixed,no,
406,none,no,
407,none,no,some_authors_unaffiliated
408,mixed,yes,
409,,,no_affiliations
410,mixed,yes,
411,all_african,yes,some_authors_unaffiliated
412,mixed,yes,
413,none,no,some_authors_unaffiliated
414,mixed,no,
415,,,no_doi
416,,,no_doi
417,all_african,yes,
418,all_african,yes,
419,none,no,
420,all_african,yes,
421,all_african,yes,
422,all_african,yes,some_authors_unaffiliated
423,all_african,yes,
424,,,no_doi
425,,,no_affiliations
426,all_african,yes,
427,all_african,yes,
428,mixed,yes,
429,mixed,yes,
430,all_african,yes,
431,all_african,yes,
432,all_african,yes,some_authors_unaffiliated
433,,,no_affiliations
434,all_african,yes,
435,,,no_doi
436,mixed,yes,
437,all_african,yes,
438,all_african,yes,
439,all_african,yes,
440,none,no,
441,,,no_affiliations
442,all_african,yes,
443,,,no_affiliations
444,all_african,yes,
445,all_african,yes,
446,mixed,yes,
447,,,no_doi
448,mixed,yes,
449,mixed,yes,some_authors_unaffiliated
450,mixed,yes,
451,all_african,yes,
452,all_african,yes,
453,mixed,yes,
454,all_african,yes,
455,all_african,yes,
456,mixed,no,
457,all_african,yes,
458,all_african,yes,
459,none,no,some_authors_unaffiliated
460,all_african,yes,some_authors_unaffiliated
461,all_african,yes,
462,,,no_doi
463,mixed,yes,
464,all_african,yes,
465,mixed,yes,some_authors_unaffiliated
466,mixed,yes,
467,none,no,
468,all_african,yes,
469,none,no,
470,none,no,
471,,,no_affiliations
472,mixed,no,
473,mixed,yes,
474,none,no,
475,mixed,yes,
476,,,no_affiliations
477,mixed,yes,
478,none,no,some_authors_unaffiliated
479,none,no,
480,mixed,yes,
481,mixed,yes,
482,all_african,yes,
483,all_african,yes,
484,none,no,some_authors_unaffiliated
485,all_african,yes,
486,all_african,yes,
487,all_african,no,some_authors_unaffiliated
488,all_african,yes,
489,,,no_doi
490,all_african,yes,
491,,,no_affiliations
492,none,no,
493,,,no_doi
494,all_african,yes,
495,,,no_doi
496,mixed,no,
497,none,no,
498,none,no,
499,all_african,yes,
500,all_african,yes,
501,all_african,yes,
502,all_african,yes,
503,mixed,yes,
504,mixed,yes,some_authors_unaffiliated
505,all_african,yes,
506,none,no,
507,none,no,
508,mixed,no,
509,,,no_affiliations
510,none,no,
511,mixed,yes,
512,,,no_affiliations
513,mixed,no,some_authors_unaffiliated
514,all_african,yes,
515,,,no_affiliations
516,all_african,yes,
517,,,no_doi
518,,,no_doi
519,,,no_doi
520,none,no,
521,none,no,
522,all_african,yes,
523,mixed,yes,
524,mixed,no,
525,all_african,yes,
526,mixed,yes,some_authors_unaffiliated
527,all_african,yes,
528,mixed,yes,
529,,,no_doi
530,,,no_doi
531,,,no_doi
532,none,no,
533,,,no_doi
534,,,no_affiliations
535,mixed,yes,
536,none,no,
537,none,no,
538,none,no,some_authors_unaffiliated
539,all_african,yes,
540,mixed,no,
541,none,no,
542,,,no_doi
543,mixed,no,some_authors_unaffiliated
544,none,no,
545,mixed,yes,
546,all_african,yes,
547,,,no_doi
548,mixed,no,
549,none,no,some_authors_unaffiliated
550,all_african,yes,
551,all_african,yes,
552,mixed,no,some_authors_unaffiliated
553,none,no,
554,all_african,yes,
555,all_african,yes,
556,mixed,no,
557,,,no_affiliations
558,mixed,yes,
559,none,no,
560,all_african,yes,some_authors_unaffiliated
561,,,no_affiliations
562,all_african,yes,
563,,,no_affiliations
564,,,no_doi
565,,,no_doi
566,mixed,yes,
567,,,no_doi
568,none,no,
569,none,no,some_authors_unaffiliated
570,all_african,yes,
571,none,no,
572,,,no_doi
573,none,no,
574,,,not_in_openalex
575,mixed,yes,
576,none,no,
577,all_african,yes,
578,all_african,yes,
579,all_african,yes,some_authors_unaffiliated
580,all_african,no,some_authors_unaffiliated
581,all_african,yes,
582,none,no,
583,all_african,yes,some_authors_unaffiliated
584,mixed,no,
585,all_african,yes,
586,none,no,
587,mixed,yes,
588,mixed,yes,
589,none,no,some_authors_unaffiliated
590,all_african,yes,
591,none,no,
592,none,no,
593,none,no,
594,mixed,no,
595,none,no,
596,mixed,yes,some_authors_unaffiliated
597,all_african,yes,
598,mixed,yes,
599,mixed,no,
600,none,no,
601,none,no,
602,all_african,yes,
603,none,no,
604,all_african,yes,some_authors_unaffiliated
605,none,no,some_authors_unaffiliated
606,all_african,yes,
607,all_african,yes,
608,mixed,yes,
609,all_african,yes,
610,all_african,yes,
611,all_african,yes,
612,,,no_affiliations
613,mixed,no,
614,all_african,yes,
615,mixed,yes,
616,mixed,yes,
617,mixed,yes,
618,none,no,some_authors_unaffiliated
619,mixed,yes,
620,none,no,
621,mixed,yes,
622,none,no,
623,mixed,no,
624,none,no,some_authors_unaffiliated
625,mixed,no,
626,mixed,yes,
627,none,no,
628,none,no,
629,,,no_affiliations
630,none,no,
631,mixed,yes,
632,,,no_doi
633,none,no,some_authors_unaffiliated
634,all_african,yes,
635,none,no,
636,,,no_doi
637,all_african,yes,
638,none,no,
